{
  "accuracy": 0.989,
  "precision": 0.9873,
  "recall": 0.9889,
  "f1_score": 0.9881,
  "class_names": [
    "High",
    "Low",
    "Medium"
  ],
  "confusion_matrix": [
    [
      10944,
      0,
      130
    ],
    [
      0,
      11047,
      104
    ],
    [
      54,
      41,
      7680
    ]
  ],
  "roc_auc": 0.9997,
  "feature_importances": {
    "cat__gender_Female": 0.002944677425133706,
    "cat__gender_Male": 0.002978723941521862,
    "cat__gender_Other": 0.0029239123169123534,
    "cat__course_Bba": 0.0026178098552648217,
    "cat__course_Bca": 0.002610694979743597,
    "cat__course_Bsc": 0.002605533131821658,
    "cat__course_Btech": 0.0026350430517831686,
    "cat__course_Mba": 0.0026676633582605664,
    "cat__course_Mca": 0.0026174799331755857,
    "cat__year_1St": 0.0027752793277559446,
    "cat__year_2Nd": 0.002716934262866257,
    "cat__year_3Rd": 0.0027408825436992285,
    "cat__year_4Th": 0.0028099007202595744,
    "cat__stress_level_High": 0.035051112037766674,
    "cat__stress_level_Low": 0.035179526154271376,
    "cat__stress_level_Medium": 0.014568151704707431,
    "cat__sleep_quality_Average": 0.04105329707216334,
    "cat__sleep_quality_Good": 0.11334025711367118,
    "cat__sleep_quality_Poor": 0.10706203796214701,
    "cat__internet_quality_Average": 0.0029569199415914863,
    "cat__internet_quality_Good": 0.0029602618717116365,
    "cat__internet_quality_Poor": 0.0029800352174880486,
    "num__age": 0.012790750846037383,
    "num__daily_study_hours": 0.021650810077266113,
    "num__daily_sleep_hours": 0.020202337505811106,
    "num__screen_time_hours": 0.021828573371568374,
    "num__anxiety_score": 0.2120826635885436,
    "num__depression_score": 0.2172372634281607,
    "num__academic_pressure_score": 0.01334607345373507,
    "num__financial_stress_score": 0.013166574823640637,
    "num__social_support_score": 0.013253501852890176,
    "num__physical_activity_hours": 0.017011460805898944,
    "num__attendance_percentage": 0.023248283905323117,
    "num__cgpa": 0.023385572417408303
  }
}