{
  "accuracy": 0.8592,
  "precision": 0.8618,
  "recall": 0.8592,
  "f1_score": 0.8602,
  "class_names": [
    "High",
    "Low",
    "Medium"
  ],
  "confusion_matrix": [
    [
      8788,
      0,
      1202
    ],
    [
      0,
      8799,
      1191
    ],
    [
      939,
      892,
      8189
    ]
  ],
  "roc_auc": 0.963,
  "feature_importances": {
    "cat__gender_Female": 0.004195322154758924,
    "cat__gender_Male": 0.004336100323042699,
    "cat__gender_Other": 0.004141399534832741,
    "cat__course_Bba": 0.003993553171009646,
    "cat__course_Bca": 0.0038691863727996208,
    "cat__course_Bsc": 0.0039381956355814,
    "cat__course_Btech": 0.00399152133913234,
    "cat__course_Mba": 0.003859323191017029,
    "cat__course_Mca": 0.003931688259378964,
    "cat__year_1St": 0.004257688815883294,
    "cat__year_2Nd": 0.0042201570463882955,
    "cat__year_3Rd": 0.004222725825430722,
    "cat__year_4Th": 0.004242638460808429,
    "cat__stress_level_High": 0.03154629320246717,
    "cat__stress_level_Low": 0.032749186838978726,
    "cat__stress_level_Medium": 0.010077836718932514,
    "cat__sleep_quality_Average": 0.038503097124098364,
    "cat__sleep_quality_Good": 0.11526744932134377,
    "cat__sleep_quality_Poor": 0.10632391438814032,
    "cat__internet_quality_Average": 0.004425420404664072,
    "cat__internet_quality_Good": 0.004423958220356567,
    "cat__internet_quality_Poor": 0.004391538309861882,
    "num__age": 0.018669379907130697,
    "num__daily_study_hours": 0.03088559330952659,
    "num__daily_sleep_hours": 0.02919254836960908,
    "num__screen_time_hours": 0.03162373261997705,
    "num__anxiety_score": 0.16784090788916195,
    "num__depression_score": 0.1698683596136295,
    "num__academic_pressure_score": 0.019572553444767358,
    "num__financial_stress_score": 0.019654933721469738,
    "num__social_support_score": 0.019607793226950127,
    "num__physical_activity_hours": 0.024795762465904023,
    "num__attendance_percentage": 0.033554256356018344,
    "num__cgpa": 0.03382598441694798
  }
}