{
  "accuracy": 0.92,
  "precision": 0.9527,
  "recall": 0.8793,
  "f1_score": 0.91,
  "class_names": [
    "High",
    "Low",
    "Medium"
  ],
  "confusion_matrix": [
    [
      38,
      0,
      8
    ],
    [
      0,
      32,
      7
    ],
    [
      1,
      0,
      114
    ]
  ],
  "roc_auc": 0.9917,
  "feature_importances": {
    "cat__Gender_Female": 0.009465007243078475,
    "cat__Gender_Male": 0.009349091483777513,
    "cat__Course_Accounting": 0.0009530931024709962,
    "cat__Course_Ala": 0.0005777349398516356,
    "cat__Course_Banking Studies": 0.0015676873286076683,
    "cat__Course_Bcs": 0.011752327243265356,
    "cat__Course_Benl": 0.0033416385543604075,
    "cat__Course_Biomedical Science": 0.0046921048477204215,
    "cat__Course_Biotechnology": 0.001505054260099161,
    "cat__Course_Bit": 0.007538578519301702,
    "cat__Course_Business Administration": 0.002492615895432067,
    "cat__Course_Communication": 0.0020746404049106024,
    "cat__Course_Cts": 0.0035971811050427545,
    "cat__Course_Diploma Nursing": 0.0016933267618518299,
    "cat__Course_Diploma Tesl": 0.0015973913537164195,
    "cat__Course_Econs": 0.0011225859593851058,
    "cat__Course_Engin": 0.002342874493071087,
    "cat__Course_Engine": 0.003062128456488094,
    "cat__Course_Engineering": 0.013128328464065666,
    "cat__Course_Enm": 0.0011717159574608706,
    "cat__Course_Fiqh": 0.0028043108507260378,
    "cat__Course_Fiqh Fatwa": 0.0005481543733726852,
    "cat__Course_Human Resources": 0.0017032402923720074,
    "cat__Course_Human Sciences": 0.0023870443444274038,
    "cat__Course_Irkhs": 0.0017765620776909877,
    "cat__Course_Islamic Education": 0.0018904301037490161,
    "cat__Course_It": 0.0014050415732261717,
    "cat__Course_Kenms": 0.001460505510933033,
    "cat__Course_Kirkhs": 0.004506447278850441,
    "cat__Course_Koe": 0.006807470633321939,
    "cat__Course_Kop": 0.0016439184964778775,
    "cat__Course_Law": 0.002513466345413742,
    "cat__Course_Laws": 0.0034152956103153985,
    "cat__Course_Malcom": 0.002303117840020623,
    "cat__Course_Marine Science": 0.0032860557448646114,
    "cat__Course_Mathemathics": 0.002214686962224924,
    "cat__Course_Mhsc": 0.001892757371112668,
    "cat__Course_Nursing": 0.0022592859489642186,
    "cat__Course_Pendidikan Islam": 0.005282206700384815,
    "cat__Course_Psychology": 0.0035257624782006956,
    "cat__Course_Radiography": 0.0015783380358181617,
    "cat__Course_Taasl": 0.0017773039202026903,
    "cat__Course_Usuluddin": 0.002389651636321203,
    "cat__YearOfStudy_Year 1": 0.011843689926354616,
    "cat__YearOfStudy_Year 2": 0.009885796207725213,
    "cat__YearOfStudy_Year 3": 0.009919835035945417,
    "cat__YearOfStudy_Year 4": 0.006630061168540255,
    "num__Age": 0.04065506849143987,
    "num__CGPA": 0.042899584433383944,
    "num__Depression": 0.11061761246768126,
    "num__Anxiety": 0.10464087031227172,
    "num__PanicAttack": 0.11034257611340278,
    "num__SpecialistTreatment": 0.005268533163370549,
    "num__SymptomFrequency_Last7Days": 0.10166113767521665,
    "num__HasMentalHealthSupport": 0.006260071274220143,
    "num__SleepQuality": 0.10714041957907312,
    "num__StudyStressLevel": 0.1057323660459048,
    "num__StudyHoursPerWeek": 0.049798746801692544,
    "num__AcademicEngagement": 0.03430747080082806
  }
}